<?xml version="1.0" encoding="UTF-8"?>
<configuration>
  <logger name="org.bitbucket.franck44" level="ERROR"/>

    <!-- Stop output INFO at start -->
    <statusListener class="ch.qos.logback.core.status.NopStatusListener" />

    <appender name="LOGFILE" class="ch.qos.logback.core.rolling.RollingFileAppender">
        <file>logs/suslik-server.log</file>
        <rollingPolicy class="ch.qos.logback.core.rolling.FixedWindowRollingPolicy">
          <fileNamePattern>logs/suslik-server.%i.log.zip</fileNamePattern>
          <minIndex>1</minIndex>
          <maxIndex>30</maxIndex>
        </rollingPolicy>

        <triggeringPolicy class="ch.qos.logback.core.rolling.SizeBasedTriggeringPolicy">
          <maxFileSize>50MB</maxFileSize>
        </triggeringPolicy>
        <encoder>
          <pattern>%d{yyyy-MM-dd HH:mm:ss} [%thread] %-5level %logger{35} - %msg%n</pattern>
        </encoder>
    </appender>

    <root level="info">
        <appender-ref ref="LOGFILE"/>
    </root>

</configuration>